id,name,url
3,Breitenstein,https://erdinggeschichte.omeka.net/api/tags/3
27,Ortsgruppe Altenerding,https://erdinggeschichte.omeka.net/api/tags/27
28,Ortsgruppe Berglern,https://erdinggeschichte.omeka.net/api/tags/28
29,Ortsgruppe Dorfen,https://erdinggeschichte.omeka.net/api/tags/29
30,Ortsgruppe Eitting,https://erdinggeschichte.omeka.net/api/tags/30
31,Ortsgruppe Erding,https://erdinggeschichte.omeka.net/api/tags/31
32,Ortsgruppe Finsing,https://erdinggeschichte.omeka.net/api/tags/32
33,Ortsgruppe Forstern,https://erdinggeschichte.omeka.net/api/tags/33
34,Ortsgruppe Grünbach,https://erdinggeschichte.omeka.net/api/tags/34
35,Ortsgruppe Frauenberg,https://erdinggeschichte.omeka.net/api/tags/35
36,Ortsgruppe Grüntegernbach,https://erdinggeschichte.omeka.net/api/tags/36
37,Ortsgruppe Hohenpolding,https://erdinggeschichte.omeka.net/api/tags/37
38,Ortsgruppe Hofkirchen,https://erdinggeschichte.omeka.net/api/tags/38
39,Ortsgruppe Langengeisling,https://erdinggeschichte.omeka.net/api/tags/39
40,Ortsgruppe Langenpreising,https://erdinggeschichte.omeka.net/api/tags/40
41,Ortsgruppe Lengdorf,https://erdinggeschichte.omeka.net/api/tags/41
42,Ortsgruppe Moosen,https://erdinggeschichte.omeka.net/api/tags/42
43,Ortsgruppe Moosinning,https://erdinggeschichte.omeka.net/api/tags/43
44,Ortsgruppe Notzing,https://erdinggeschichte.omeka.net/api/tags/44
45,Ortsgruppe Oberding,https://erdinggeschichte.omeka.net/api/tags/45
46,Ortsgruppe Reichenkirchen,https://erdinggeschichte.omeka.net/api/tags/46
47,Ortsgruppe Ottenhofen,https://erdinggeschichte.omeka.net/api/tags/47
48,Ortsgruppe Steinkirchen,https://erdinggeschichte.omeka.net/api/tags/48
49,Ortsgruppe Taufkirchen,https://erdinggeschichte.omeka.net/api/tags/49
50,Ortsgruppe Walpertskirchen,https://erdinggeschichte.omeka.net/api/tags/50
51,Ortsgruppe Wartenberg,https://erdinggeschichte.omeka.net/api/tags/51
52,Zelle Pastetten,https://erdinggeschichte.omeka.net/api/tags/52
53,Ortsgruppe Fraunberg,https://erdinggeschichte.omeka.net/api/tags/53
54,Gemeinde Niederneuching,https://erdinggeschichte.omeka.net/api/tags/54
55,Ortsgruppe Wörth,https://erdinggeschichte.omeka.net/api/tags/55
56,Gemeinde Gebensbach,https://erdinggeschichte.omeka.net/api/tags/56
